{
    "1": {
        "1e-08": 0.49372384937238495,
        "5e-08": 0.4895397489539749,
        "1e-07": 0.48535564853556484,
        "5e-07": 0.49372384937238495,
        "1e-06": 0.4686192468619247,
        "5e-06": 0.5146443514644351,
        "1e-05": 0.4769874476987448,
        "5e-05": 0.497907949790795,
        "0.0001": 0.47280334728033474,
        "0.0005": 0.49372384937238495
    },
    "2": {
        "1e-08": 0.4769874476987448,
        "5e-08": 0.4895397489539749,
        "1e-07": 0.5732217573221757,
        "5e-07": 0.5481171548117155,
        "1e-06": 0.4811715481171548,
        "5e-06": 0.5355648535564853,
        "1e-05": 0.5481171548117155,
        "5e-05": 0.5439330543933054,
        "0.0001": 0.5271966527196653,
        "0.0005": 0.5230125523012552
    },
    "3": {
        "1e-08": 0.5397489539748954,
        "5e-08": 0.5439330543933054,
        "1e-07": 0.48535564853556484,
        "5e-07": 0.4769874476987448,
        "1e-06": 0.5062761506276151,
        "5e-06": 0.4895397489539749,
        "1e-05": 0.5062761506276151,
        "5e-05": 0.5355648535564853,
        "0.0001": 0.502092050209205,
        "0.0005": 0.5146443514644351
    },
    "4": {
        "1e-08": 0.5397489539748954,
        "5e-08": 0.5230125523012552,
        "1e-07": 0.5439330543933054,
        "5e-07": 0.48535564853556484,
        "1e-06": 0.497907949790795,
        "5e-06": 0.5062761506276151,
        "1e-05": 0.5313807531380753,
        "5e-05": 0.5564853556485355,
        "0.0001": 0.5523012552301255,
        "0.0005": 0.47280334728033474
    }
}